Compound,Model ID,Energy,nRot
Bolazine_ZINC000008214506,1,-8.7,3
R428_ZINC000051951669,1,-8.2,5
R428_ZINC000051951668,1,-8.0,5
Dihydroergocristine_ZINC000003947497,1,-7.8,6
Mk3207_ZINC000103760984,1,-7.8,4
Mk3207_ZINC000103760978,1,-7.7,4
Revizinone_ZINC000000538290,1,-7.6,6
Mk3207_ZINC000043203371,1,-7.5,4
Rupatadine_ZINC000000598829,1,-7.5,2
Amg-900_ZINC000043208325,1,-7.4,7
Lifarizine_ZINC000019368434,1,-7.4,6
Elomotecan_ZINC000003921664,1,-7.4,4
Telmisartan_ZINC000001530886,1,-7.4,7
Orvepitant_ZINC000056898864,1,-7.4,6
Conivaptan_ZINC000012503187,1,-7.3,4
Dihydroergocristine_ZINC000003947495,1,-7.3,6
Pranlukast_ZINC000001542146,1,-7.3,9
Mk-0893_ZINC000068250425,1,-7.3,9
Tegobuvir_ZINC000100057121,1,-7.3,6
Mln-8054_ZINC000018825334,1,-7.2,4
Proscillaridin_ZINC000118915484,1,-7.2,7
Bagrosin_ZINC000026663179,1,-7.2,1
Dihydroergotamine_ZINC000003978005,1,-7.2,5
Teniposide_ZINC000201698152,1,-7.2,9
Aprepitant_ZINC000052245742,1,-7.2,8
Efipladib_ZINC000085536943,1,-7.2,14
Dihydroergocristine_ZINC000095862766,1,-7.2,6
Liafensine_ZINC000095598450,1,-7.1,3
Velpatasvir_ZINC000504665933,1,-7.1,13
Z160_ZINC000020509316,1,-7.1,7
Mofarotene_ZINC000027558006,1,-7.1,6
Xaliproden_ZINC000000577115,1,-7.1,5
Teniposide_ZINC000245190530,1,-7.1,9
Dihydroergocristine_ZINC000003947496,1,-7.1,6
Etoposide_ZINC000100023533,1,-7.1,8
Seganserin_ZINC000000538333,1,-7.1,5
Metergotamine_ZINC000072266819,1,-7.1,5
Itriglumide_ZINC000001544617,1,-7.0,7
Aleplasinin_ZINC000013580622,1,-7.0,6
Cortisuzol_ZINC000004215464,1,-7.0,9
Ci-988_ZINC000014952320,1,-7.0,13
Tipifarnib_ZINC000028473960,1,-7.0,5
Ergotamine_ZINC000052955754,1,-7.0,5
Dirlotapide_ZINC000003988502,1,-7.0,10
Adapalene_ZINC000003784182,1,-7.0,4
Befetupitant_ZINC000028570456,1,-7.0,7
Efatutazone_ZINC000033975065,1,-7.0,8
Fuprazole_ZINC000022463197,1,-7.0,9
Tg100-801_ZINC000029136020,1,-7.0,10
Irinotecan_ZINC000001612996,1,-7.0,6
Proscillaridin_ZINC000118917544,1,-7.0,7
Ledipasvir_ZINC000150338819,1,-7.0,12
Navitoclax_ZINC000150338726,1,-7.0,17
Teniposide_ZINC000049605896,1,-7.0,9
Dihydroergocristine_ZINC000003947494,1,-7.0,6
Bms-833923_ZINC000096170449,1,-7.0,7
Vorapaxar_ZINC000003925861,1,-7.0,6
Aprepitant_ZINC000027428708,1,-7.0,8
Bagrosin_ZINC000026663185,1,-6.9,1
Fluralaner_ZINC000095598448,1,-6.9,8
Dihydroergocristine_ZINC000003995616,1,-6.9,6
Ci-988_ZINC000014952325,1,-6.9,13
Naxaprostene_ZINC000004217054,1,-6.9,7
Golvatinib_ZINC000043195317,1,-6.9,8
Paliroden_ZINC000035826853,1,-6.9,6
Velpatasvir_ZINC000504665931,1,-6.9,13
Nitroblue-tetrazolium_ZINC000008214433,1,-6.9,11
Teniposide_ZINC000049605898,1,-6.9,9
Tarazepide_ZINC000002015955,1,-6.9,3
Giripladib_ZINC000085537113,1,-6.9,15
Fiduxosin_ZINC000029747110,1,-6.9,7
Brazergoline_ZINC000004215062,1,-6.9,3
Mk-0893_ZINC000095574316,1,-6.9,9
Ibutamoren_ZINC000001543181,1,-6.9,9
Flezelastine_ZINC000001534968,1,-6.9,6
Rimacalib_ZINC000004423231,1,-6.9,4
Mosapramine_ZINC000000597691,1,-6.9,4
alpha_Ergocryptine_ZINC000059796556,1,-6.9,6
Cep-11981_ZINC000036411318,1,-6.9,4
Capmatinib_ZINC000043195321,1,-6.9,4
Laprafylline_ZINC000022463231,1,-6.9,8
Clocinizine_ZINC000022462888,1,-6.9,6
Hesperidin_ZINC000100204053,1,-6.9,15
Clocinizine_ZINC000031298006,1,-6.9,6
Venetoclax_ZINC000150338755,1,-6.9,13
Amg-208_ZINC000034285235,1,-6.9,5
Siponimod_ZINC000006717453,1,-6.9,10
Terfenadine_ZINC000003831511,1,-6.9,11
Casopitant_ZINC000042856596,1,-6.8,6
Irindalone_ZINC000022463226,1,-6.8,5
Losulazine_ZINC000004216779,1,-6.8,6
Nilotinib_ZINC000006716957,1,-6.8,7
Glisamuride_ZINC000000537797,1,-6.8,7
Hesperidin_ZINC000095568264,1,-6.8,15
Funapide_ZINC000113473392,1,-6.8,3
Evacetrapib_ZINC000150338934,1,-6.8,9
Hesperidin_ZINC000038144568,1,-6.8,15
Mitratapide_ZINC000003946578,1,-6.8,12
Aprepitant_ZINC000097974568,1,-6.8,8
Butaclamol_ZINC000002008410,1,-6.8,2
Telcagepant_ZINC000028827350,1,-6.8,5
Flumatinib_ZINC000068244727,1,-6.8,8
Bencianol_ZINC000004214953,1,-6.8,6
Lonafarnib_ZINC000003950115,1,-6.8,3
Entrectinib_ZINC000043204146,1,-6.8,7
Almestrone_ZINC000004214770,1,-6.8,1
Piketoprofen_ZINC000001846243,1,-6.8,5
Ritanserin_ZINC000000538314,1,-6.8,5
Posaconazole_ZINC000220105129,1,-6.8,13
Ecopladib_ZINC000085536974,1,-6.8,14
Mk3207_ZINC000103760981,1,-6.8,4
Astemizole_ZINC000000601274,1,-6.8,8
Ibipinabant_ZINC000013559250,1,-6.8,4
Ravidasvir_ZINC000150607150,1,-6.8,12
Teniposide_ZINC000095628282,1,-6.8,9
Itraconazole_ZINC000004097344,1,-6.8,11
Teniposide_ZINC000004099009,1,-6.8,9
Ditercalinium_ZINC000004215707,1,-6.8,9
Hesperidin_ZINC000252008997,1,-6.8,15
Fosaprepitant_ZINC000003939013,1,-6.7,9
Dagrocorat_ZINC000103297733,1,-6.7,6
Oxarbazole_ZINC000002008674,1,-6.7,3
Amg-548_ZINC000073336080,1,-6.7,8
Aee-788_ZINC000033196300,1,-6.7,7
Lumacaftor_ZINC000064033452,1,-6.7,5
Cyproheptadine_ZINC000000968264,1,-6.7,0
Pevonedistat_ZINC000058660702,1,-6.7,8
Uk432097_ZINC000150664074,1,-6.7,16
Bafetinib_ZINC000022940637,1,-6.7,9
Velpatasvir_ZINC000203686879,1,-6.7,13
Ubrogepant_ZINC000095598454,1,-6.7,5
Fendosal_ZINC000004216021,1,-6.7,4
Cinnarizine_ZINC000019632891,1,-6.7,6
Etoposide_ZINC000003977873,1,-6.7,8
Nolpitantium_ZINC000003922699,1,-6.7,9
Tadalafil_ZINC000003993855,1,-6.7,1
Orteronel_ZINC000003943521,1,-6.7,3
Proscillaridin_ZINC000306121903,1,-6.7,7
Derquantel_ZINC000056898856,1,-6.7,1
Imiglitazar_ZINC000049756486,1,-6.7,11
Tak-593_ZINC000095579919,1,-6.7,6
Ombitasvir_ZINC000150601177,1,-6.7,16
Ritonavir_ZINC000097975875,1,-6.7,19
Revefenacin_ZINC000113648937,1,-6.7,11
Etoposide-phosphate_ZINC000003920020,1,-6.7,9
Floxacrine_ZINC000001846338,1,-6.7,3
Radotinib_ZINC000059749972,1,-6.7,7
Tak-960_ZINC000043203898,1,-6.7,6
Tioclomarol_ZINC000030691430,1,-6.7,6
Itraconazole_ZINC000003830974,1,-6.7,11
Vedaprofen_ZINC000000000828,1,-6.7,3
Exatecan_ZINC000003800855,1,-6.7,3
Samatasvir_ZINC000150588806,1,-6.7,13
Setileuton_ZINC000036487556,1,-6.7,8
Zoliflodacin_ZINC000145806066,1,-6.7,1
Darifenacin_ZINC000001996117,1,-6.7,7
Nelfinavir_ZINC000003833846,1,-6.7,12
Florantyrone_ZINC000002036732,1,-6.7,4
Talotrexin_ZINC000003807186,1,-6.7,14
Hesperidin_ZINC000103939005,1,-6.7,15
Toquizine_ZINC000005317406,1,-6.7,2
Pranazepide_ZINC000003798924,1,-6.7,3
Englitazone_ZINC000005933664,1,-6.7,4
Gandotinib_ZINC000068245097,1,-6.7,6
Flezelastine_ZINC000003785445,1,-6.7,6
Fluralaner_ZINC000095598447,1,-6.7,8
beta_Ergocryptine_ZINC000059213491,1,-6.7,6
Fosdagrocorat_ZINC000103298102,1,-6.7,7
Meclizine_ZINC000019594557,1,-6.7,5
Abamectin-component-b1a_ZINC000242649028,1,-6.6,11
Pomisartan_ZINC000150340377,1,-6.6,6
Merestinib_ZINC000095926668,1,-6.6,6
Tulopafant_ZINC000002016001,1,-6.6,5
Abamectin-component-b1a_ZINC000252673974,1,-6.6,11
Proscillaridin_ZINC000008214665,1,-6.6,7
Diphenadione_ZINC000100044649,1,-6.6,4
Abamectin-component-b1a_ZINC000248170378,1,-6.6,11
Loperamide-oxide_ZINC000261506627,1,-6.6,8
Velpatasvir_ZINC000504665932,1,-6.6,13
Medibazine_ZINC000022463243,1,-6.6,5
Reglitazar_ZINC000084462508,1,-6.6,7
Gsk-461364_ZINC000059715991,1,-6.6,8
Ac-480_ZINC000072190221,1,-6.6,8
Lorpiprazole_ZINC000033827894,1,-6.6,5
Tesevatinib_ZINC000117147304,1,-6.6,6
Radiprodil_ZINC000028363953,1,-6.6,5
Proscillaridin_ZINC000118917543,1,-6.6,7
Picloxydine_ZINC000030691566,1,-6.6,2
Ibodutant_ZINC000028711707,1,-6.6,11
Ripisartan_ZINC000000538309,1,-6.6,6
Flutroline_ZINC000049590110,1,-6.6,7
Proscillaridin_ZINC000306121901,1,-6.6,7
Etoposide-phosphate_ZINC000245205035,1,-6.6,9
Trifluperidol_ZINC000000538505,1,-6.6,8
Mosapramine_ZINC000003873789,1,-6.6,4
Gsk163090_ZINC000034451922,1,-6.6,5
Teniposide_ZINC000067957215,1,-6.6,9
Trecadrine_ZINC000005751639,1,-6.6,6
Posaconazole_ZINC000003938482,1,-6.6,13
Piroheptine_ZINC000002020004,1,-6.6,1
Seperidol_ZINC000000538335,1,-6.6,8
Elbanizine_ZINC000031561759,1,-6.6,8
Azd3514_ZINC000101673084,1,-6.6,7
Bromocriptine_ZINC000053683151,1,-6.6,6
Novobiocin_ZINC000076945632,1,-6.6,11
Glisindamide_ZINC000000537799,1,-6.6,6
Etoposide_ZINC000043648995,1,-6.6,8
Meclizine_ZINC000019361042,1,-6.6,5
Estrone_ZINC000013509425,1,-6.6,1
Lidoflazine_ZINC000022034381,1,-6.6,9
Erismodegib_ZINC000068202099,1,-6.6,6
Proscillaridin_ZINC000008143879,1,-6.6,7
Netoglitazone_ZINC000001481955,1,-6.6,5
Proscillaridin_ZINC000257355132,1,-6.6,7
Regorafenib_ZINC000006745272,1,-6.6,6
Tiplasinin_ZINC000003938676,1,-6.6,7
Itraconazole_ZINC000003830976,1,-6.6,11
Tasosartan_ZINC000013444037,1,-6.6,4
Darglitazone_ZINC000001851105,1,-6.6,7
Proscillaridin_ZINC000038139432,1,-6.6,7
Bifeprunox_ZINC000052971454,1,-6.6,4
Capeserod_ZINC000000603773,1,-6.6,6
Monatepil_ZINC000000607979,1,-6.6,6
Tolvaptan_ZINC000001490477,1,-6.6,4
Saperconazole_ZINC000026168046,1,-6.6,11
Fananserin_ZINC000000597400,1,-6.6,5
Afacifenacin_ZINC000003991067,1,-6.6,6
Abamectin-component-b1a_ZINC000575231316,1,-6.6,11
Rebastinib_ZINC000063933734,1,-6.6,7
Abamectin-component-b1a_ZINC000306147035,1,-6.6,11
Ag-13958_ZINC000095909141,1,-6.6,6
Lifitegrast_ZINC000084668739,1,-6.6,7
Burapitant_ZINC000003990019,1,-6.6,10
Lopinavir_ZINC000043773447,1,-6.6,16
Metindizate_ZINC000169292417,1,-6.6,8
Pimozide_ZINC000004175630,1,-6.6,8
Izonsteride_ZINC000001544066,1,-6.6,3
Hesperidin_ZINC000238924079,1,-6.5,15
Montelukast_ZINC000003831151,1,-6.5,13
Zopolrestat_ZINC000000538557,1,-6.5,5
Octastine_ZINC000006067238,1,-6.5,6
Setipiprant_ZINC000091291806,1,-6.5,3
Setastine_ZINC000002001312,1,-6.5,6
Bisoctrizole_ZINC000011677911,1,-6.5,12
Hesperidin_ZINC000103938998,1,-6.5,15
Amg-517_ZINC000014974132,1,-6.5,5
Englitazone_ZINC000005933614,1,-6.5,4
Ropitoin_ZINC000011682492,1,-6.5,8
Mesocarb_ZINC000005735333,1,-6.5,5
Idenast_ZINC000033754357,1,-6.5,8
Edoxaban_ZINC000043200832,1,-6.5,6
Cadazolid_ZINC000043195938,1,-6.5,10
Napitane_ZINC000005934263,1,-6.5,3
Velpatasvir_ZINC000220902773,1,-6.5,13
Fexofenadine_ZINC000003824921,1,-6.5,12
Indacaterol_ZINC000035801098,1,-6.5,8
Micinicate_ZINC000013884308,1,-6.5,7
Cinperene_ZINC000002018994,1,-6.5,5
Etibendazole_ZINC000005386462,1,-6.5,4
Uk432097_ZINC000095539256,1,-6.5,16
Tivantinib_ZINC000100016063,1,-6.5,2
Bifonazole_ZINC000003871723,1,-6.5,4
Estriol_ZINC000000008866,1,-6.5,3
ipragliflozin_ZINC000605694508,1,-6.5,8
Linsitinib_ZINC000100071817,1,-6.5,5
Flunarizine_ZINC000019360739,1,-6.5,6
Metoquizine_ZINC000038424542,1,-6.5,1
Hesperidin_ZINC000103938990,1,-6.5,15
Rg-7603_ZINC000117249555,1,-6.5,5
Olaparib_ZINC000040430143,1,-6.5,4
Elbasvir_ZINC000150588351,1,-6.5,13
Derenofylline_ZINC000252673365,1,-6.5,4
Azilsartan_ZINC000000598390,1,-6.5,7
Teniposide_ZINC000202773821,1,-6.5,9
Trenizine_ZINC000072266906,1,-6.5,10
Diaplasinin_ZINC000001554077,1,-6.5,10
Saquinavir_ZINC000003914596,1,-6.5,14
Proscillaridin_ZINC000257355131,1,-6.5,7
Tradipitant_ZINC000043194077,1,-6.5,8
Telatinib_ZINC000000590964,1,-6.5,6
Lopinavir_ZINC000004172317,1,-6.5,16
Ly-2584702_ZINC000043204100,1,-6.5,4
Niceverine_ZINC000001481885,1,-6.5,10
Abamectin-component-b1a_ZINC000242649031,1,-6.5,11
Grapiprant_ZINC000038228051,1,-6.5,9
Pf-03758309_ZINC000043203531,1,-6.5,6
Abamectin-component-b1a_ZINC000242649029,1,-6.5,11
Hydroxyestrone_diacetate_ZINC000002557209,1,-6.5,4
Ciclotizolam_ZINC000004212479,1,-6.5,2
Etoposide-phosphate_ZINC000245205034,1,-6.5,9
Ar-12_ZINC000003960083,1,-6.5,6
Efatutazone_ZINC000033975064,1,-6.5,8
Omipalisib_ZINC000043208634,1,-6.5,6
Itraconazole_ZINC000003830973,1,-6.5,11
Etoposide-phosphate_ZINC000575418369,1,-6.5,9
Tesevatinib_ZINC000038912363,1,-6.5,6
alpha_Ergocryptine_ZINC000095810539,1,-6.5,6
Sumarotene_ZINC000001541060,1,-6.5,3
Letaxaban_ZINC000013986542,1,-6.5,6
Gdc-0994_ZINC000144904566,1,-6.5,7
beta_Ergocryptine_ZINC000100071818,1,-6.5,6
Palovarotene_ZINC000038467831,1,-6.5,5
Setiptiline_ZINC000001482169,1,-6.5,0
Sarolaner_ZINC000103297729,1,-6.5,5
Disogluside_ZINC000008214547,1,-6.5,7
Etoposide_ZINC000103553199,1,-6.5,8
Sanguinarium_ZINC000000000706,1,-6.5,0
Ropizine_ZINC000031291823,1,-6.4,5
Butaclamol_ZINC000040933021,1,-6.4,2
Lixivaptan_ZINC000000600399,1,-6.4,3
Flotrenizine_ZINC000031597122,1,-6.4,10
Lopinavir_ZINC000028525391,1,-6.4,16
Trazium_ZINC000005935149,1,-6.4,2
Chlorbenzoxamine_ZINC000022462882,1,-6.4,8
Fluazuron_ZINC000002570819,1,-6.4,5
Pipendoxifene_ZINC000000602799,1,-6.4,9
Doxapram_ZINC000019632668,1,-6.4,6
Pf-00446687_ZINC000101338048,1,-6.4,5
Azd-4547_ZINC000091352093,1,-6.4,8
Etoposide_ZINC000015449129,1,-6.4,8
Tioclomarol_ZINC000030691425,1,-6.4,6
Etoposide_ZINC000100042690,1,-6.4,8
Hesperidin_ZINC000038144570,1,-6.4,15
Tameridone_ZINC000000538412,1,-6.4,4
Hesperidin_ZINC000100204061,1,-6.4,15
Paliperidone_ZINC000004214700,1,-6.4,5
Ropitoin_ZINC000004214281,1,-6.4,8
Terfenadine_ZINC000003812892,1,-6.4,11
Bazedoxifene_ZINC000001895505,1,-6.4,9
Elopiprazole_ZINC000053098495,1,-6.4,4
Midostaurin_ZINC000100013130,1,-6.4,5
Lopinavir_ZINC000101007591,1,-6.4,16
Netoglitazone_ZINC000003633833,1,-6.4,5
Pirenperone_ZINC000000538194,1,-6.4,5
Sulfamazone_ZINC000004194719,1,-6.4,9
Oxatomide_ZINC000019632896,1,-6.4,7
Aee-788_ZINC000022453679,1,-6.4,7
Spirofylline_ZINC000084758966,1,-6.4,5
Saperconazole_ZINC000004214295,1,-6.4,11
Ac-480_ZINC000006717782,1,-6.4,8
Int131_ZINC000006485945,1,-6.4,5
Mozavaptan_ZINC000006071859,1,-6.4,4
Linarotene_ZINC000003927341,1,-6.4,4
Amesergide_ZINC000083261402,1,-6.4,3
Talmetoprim_ZINC000000538405,1,-6.4,7
Posaconazole_ZINC000060392778,1,-6.4,13
Azd1386_ZINC000139948300,1,-6.4,3
Suvorexant_ZINC000049036447,1,-6.4,3
Lirequinil_ZINC000003784128,1,-6.4,4
Gliquidone_ZINC000001482077,1,-6.4,9
Devazepide_ZINC000001847292,1,-6.4,3
Hesperidin_ZINC000008680006,1,-6.4,15
Cinperene_ZINC000002018996,1,-6.4,5
Posaconazole_ZINC000072190231,1,-6.4,13
Cort-108297_ZINC000029128012,1,-6.4,7
Itraconazole_ZINC000003830975,1,-6.4,11
Grazoprevir_ZINC000095551509,1,-6.4,8
Epicriptine_ZINC000004215812,1,-6.4,6
Octastine_ZINC000004214026,1,-6.4,6
Azd-8055_ZINC000052509466,1,-6.4,6
Oxyphenisatin_acetate_ZINC000003831258,1,-6.4,6
Tak-901_ZINC000035310420,1,-6.4,5
Glisolamide_ZINC000000537802,1,-6.4,7
Pf-562271_ZINC000034638188,1,-6.4,8
Amitriptylinoxide_ZINC000001481969,1,-6.4,3
Candesartan_ZINC000003782818,1,-6.4,7
Mk-6592_ZINC000043153387,1,-6.4,7
Foretinib_ZINC000043204048,1,-6.4,12
Hesperidin_ZINC000097972618,1,-6.4,15
Ertiprotafib_ZINC000001547338,1,-6.4,6
Abamectin-component-b1a_ZINC000245224134,1,-6.4,11
Etoposide_ZINC000003977874,1,-6.4,8
Etoposide-phosphate_ZINC000245205037,1,-6.4,9
Dasabuvir_ZINC000095616937,1,-6.4,6
Axamozide_ZINC000004212030,1,-6.4,3
Doretinel_ZINC000003785287,1,-6.4,5
Taladegib_ZINC000068247898,1,-6.4,5
Triacetyldiphenolisatin_ZINC000004217281,1,-6.4,6
Hesperidin_ZINC000008214774,1,-6.4,15
Ocaperidone_ZINC000000538119,1,-6.4,4
Derenofylline_ZINC000100002114,1,-6.4,4
Teniposide_ZINC000004166028,1,-6.4,9
Aseripide_ZINC000082125620,1,-6.4,9
Diosmin_ZINC000004098512,1,-6.4,15
Mavatrep_ZINC000043175494,1,-6.4,6
Drinabant_ZINC000059299699,1,-6.4,6
Piketoprofen_ZINC000000000623,1,-6.4,5
Daclatasvir_ZINC000068204830,1,-6.4,13
Nafamostat_ZINC000003874467,1,-6.4,6
Deserpidine_ZINC000003830663,1,-6.4,9
Hesperidin_ZINC000248139797,1,-6.4,15
Etoposide-phosphate_ZINC000306146642,1,-6.4,9
Raltegravir_ZINC000013831130,1,-6.4,6
Teniposide_ZINC000028226553,1,-6.4,9
Romergoline_ZINC000003782563,1,-6.4,2
Adomeglivant_ZINC000117040417,1,-6.4,12
Mergocriptine_ZINC000072266905,1,-6.4,6
Trenizine_ZINC000022463111,1,-6.4,10
Lombazole_ZINC000005425510,1,-6.4,4
Quinaprilat_ZINC000004217387,1,-6.4,8
Posaconazole_ZINC000028639340,1,-6.4,13
Mesocarb_ZINC000005751608,1,-6.4,5
Diphenylpiperidinomethyldioxolan_ZINC000003620843,1,-6.4,4
Zicronapine_ZINC000022938019,1,-6.3,2
Risperidone_ZINC000000538312,1,-6.3,4
Balaglitazone_ZINC000001489816,1,-6.3,5
Hesperidin_ZINC000253499899,1,-6.3,15
Dofequidar_ZINC000026180140,1,-6.3,9
Ag-13958_ZINC000034037183,1,-6.3,6
Citenamide_ZINC000000001162,1,-6.3,1
Hesperidin_ZINC000252008992,1,-6.3,15
Nirogacestat_ZINC000038217835,1,-6.3,11
Quilostigmine_ZINC000056897587,1,-6.3,2
Lomitapide_ZINC000027990463,1,-6.3,12
Bedaquiline_ZINC000004655029,1,-6.3,9
Trelanserin_ZINC000000602552,1,-6.3,6
Ecopipam_ZINC000000003897,1,-6.3,1
Etoposide-phosphate_ZINC000618072473,1,-6.3,9
Ebastine_ZINC000003781952,1,-6.3,10
Revaprazan_ZINC000003633836,1,-6.3,3
Terizidone_ZINC000000000747,1,-6.3,4
Taclamine_ZINC000011616858,1,-6.3,0
Incb-9471_ZINC000043171152,1,-6.3,6
Israpafant_ZINC000001533241,1,-6.3,6
beta_Ergocryptine_ZINC000064633860,1,-6.3,6
Tamolarizine_ZINC000022942024,1,-6.3,9
Indibulin_ZINC000037866151,1,-6.3,5
Saperconazole_ZINC000003913989,1,-6.3,11
Teniposide_ZINC000095628281,1,-6.3,9
Garenoxacin_ZINC000003585048,1,-6.3,5
Antrafenine_ZINC000053073961,1,-6.3,10
Tadalafil_ZINC000000538404,1,-6.3,1
Zaldaride_ZINC000002016009,1,-6.3,3
Dofequidar_ZINC000013652236,1,-6.3,9
Lucitanib_ZINC000077024213,1,-6.3,8
Tacrolimus_ZINC000169289411,1,-6.3,10
Pf-03715455_ZINC000082138051,1,-6.3,13
Minalrestat_ZINC000001492564,1,-6.3,2
Teniposide_ZINC000202773837,1,-6.3,9
Quinupramine_ZINC000004214242,1,-6.3,1
Metbufen_ZINC000001846221,1,-6.3,5
Talnetant_ZINC000001543566,1,-6.3,6
Azd-7624_ZINC000002105296,1,-6.3,5
Ramipril_ZINC000253951174,1,-6.3,10
Quinupramine_ZINC000005162687,1,-6.3,1
Altiratinib_ZINC000113198271,1,-6.3,8
Stilbazium_ZINC000004217469,1,-6.3,7
Moperone_ZINC000000538026,1,-6.3,7
Parcetasal_ZINC000000014940,1,-6.3,3
Flutroline_ZINC000049590112,1,-6.3,7
Carsatrin_ZINC000022851028,1,-6.3,9
Hesperidin_ZINC000038144569,1,-6.3,15
Nicergoline_ZINC000003873817,1,-6.3,5
Setipafant_ZINC000001481922,1,-6.3,3
Etoposide_ZINC000079216638,1,-6.3,8
Belaperidone_ZINC000003822014,1,-6.3,4
Barmastine_ZINC000004214938,1,-6.3,7
Talazoparib_ZINC000072318110,1,-6.3,2
Quinotolast_ZINC000000002018,1,-6.3,4
Palinavir_ZINC000003936474,1,-6.3,16
Nicofuranose_ZINC000004217093,1,-6.3,15
Paranyline_ZINC000001482136,1,-6.3,3
Saperconazole_ZINC000028712571,1,-6.3,11
Sorafenib_ZINC000001493878,1,-6.3,6
Doxazosin_ZINC000094566092,1,-6.3,5
Sgi-1776_ZINC000068205235,1,-6.3,6
Aminoquinuride_ZINC000022910880,1,-6.3,4
Vemurafenib_ZINC000052509366,1,-6.3,7
Tobuterol_ZINC000004214489,1,-6.3,11
Doconazole_ZINC000013207499,1,-6.3,7
Desocriptine_ZINC000004212849,1,-6.3,6
Bepafant_ZINC000002016003,1,-6.3,2
Tacrolimus_ZINC000085537027,1,-6.3,10
Am-211_ZINC000043206277,1,-6.3,10
Tamatinib_ZINC000006745792,1,-6.3,7
Trifarotene_ZINC000113700519,1,-6.3,9
Mk-2206_ZINC000036382821,1,-6.3,4
Enpiroline_ZINC000001568035,1,-6.3,6
Hesperidin_ZINC000008382286,1,-6.3,15
Prulifloxacin_ZINC000001269201,1,-6.3,4
ipragliflozin_ZINC000165806297,1,-6.3,8
Cerc-301_ZINC000006716891,1,-6.3,6
Prasterone_acetate_ZINC000004063548,1,-6.3,2
Lapatinib_ZINC000001550477,1,-6.3,11
Chloroserpidine_ZINC000004212444,1,-6.3,9
Lopinavir_ZINC000043773446,1,-6.3,16
Lobeline_ZINC000000001624,1,-6.3,7
Metrenperone_ZINC000000537997,1,-6.3,5
Fiboflapon_ZINC000068247071,1,-6.3,13
Osanetant_ZINC000003935475,1,-6.3,8
Bms-754807_ZINC000145213336,1,-6.3,6
Crenolanib_ZINC000003820043,1,-6.3,6
alpha_Ergocryptine_ZINC000059796557,1,-6.3,6
Tebuquine_ZINC000001585700,1,-6.3,7
Teniposide_ZINC000245190531,1,-6.3,9
Amg-548_ZINC000013982572,1,-6.3,8
Dioxadrol_ZINC000003080604,1,-6.3,3
Pf-00477736_ZINC000019862643,1,-6.3,5
Posaconazole_ZINC000011616816,1,-6.3,13
Tamolarizine_ZINC000022440925,1,-6.3,9
Spirilene_ZINC000000538370,1,-6.3,5
Calcipotriene_ZINC000033938184,1,-6.3,8
Bentiromide_ZINC000000608204,1,-6.3,8
Etoposide_ZINC000003925948,1,-6.3,8
Pipoxolan_ZINC000002017397,1,-6.3,5
Chir-265_ZINC000018710085,1,-6.3,7
Bexarotene_ZINC000001539579,1,-6.3,3
Proscillaridin_ZINC000118915483,1,-6.3,7
Dotarizine_ZINC000022058279,1,-6.3,8
Abemaciclib_ZINC000072318121,1,-6.3,7
Hesperidin_ZINC000038144571,1,-6.3,15
Xl-228_ZINC000203005669,1,-6.3,8
Pf-03758309_ZINC000222637955,1,-6.3,6
Teniposide_ZINC000253928517,1,-6.3,9
Etoposide_ZINC000103553211,1,-6.3,8
Ci-988_ZINC000014952331,1,-6.3,13
Linifanib_ZINC000006718813,1,-6.3,4
Mizolastine_ZINC000013831810,1,-6.2,5
Lxr-623_ZINC000040379749,1,-6.2,4
Calcipotriene_ZINC000077285174,1,-6.2,8
Anatibant_ZINC000053261548,1,-6.2,13
Hesperidin_ZINC000253499897,1,-6.2,15
Deferasirox_ZINC000001481815,1,-6.2,6
alpha_Ergocryptine_ZINC000014952151,1,-6.2,6
Minalrestat_ZINC000000597385,1,-6.2,2
Hesperidin_ZINC000238924080,1,-6.2,15
Cort-108297_ZINC000141514903,1,-6.2,7
Phenomorphan_ZINC000004217283,1,-6.2,4
Etoposide-phosphate_ZINC000618072474,1,-6.2,9
Vidupiprant_ZINC000043206238,1,-6.2,10
Moexipril_ZINC000003812306,1,-6.2,12
Etoposide-phosphate_ZINC000575418368,1,-6.2,9
Trandolapril_ZINC000001853205,1,-6.2,10
Trelnarizine_ZINC000033954104,1,-6.2,8
Cabozantinib_ZINC000070466416,1,-6.2,8
Pituxate_ZINC000000000647,1,-6.2,7
Lopinavir_ZINC000011616287,1,-6.2,16
Picotrin_ZINC000004217296,1,-6.2,5
Doretinel_ZINC000011679570,1,-6.2,5
Hesperidin_ZINC000100204049,1,-6.2,15
Obatoclax_ZINC000029052268,1,-6.2,4
Fluindarol_ZINC000100229169,1,-6.2,2
Abamectin-component-b1a_ZINC000252673975,1,-6.2,11
Benzpiperylon_ZINC000000001019,1,-6.2,4
Tg-02_ZINC000095938323,1,-6.2,0
Temsavir_ZINC000034815611,1,-6.2,5
Crisnatol_ZINC000000005042,1,-6.2,7
Indacrinone_ZINC000000538561,1,-6.2,4
Tesevatinib_ZINC000101781468,1,-6.2,6
Napitane_ZINC000000005009,1,-6.2,3
Rimegepant_ZINC000068267814,1,-6.2,5
Clazosentan_ZINC000003939238,1,-6.2,12
Mobenzoxamine_ZINC000019361072,1,-6.2,12
Funapide_ZINC000113473394,1,-6.2,3
Fexofenadine_ZINC000003872566,1,-6.2,12
Tg-02_ZINC000068251500,1,-6.2,0
Panamesine_ZINC000003801505,1,-6.2,6
alpha_Ergocryptine_ZINC000222341315,1,-6.2,6
Cloperastine_ZINC000000057251,1,-6.2,6
Proscillaridin_ZINC000257355133,1,-6.2,7
Saredutant_ZINC000003927605,1,-6.2,9
Duvelisib_ZINC000088346058,1,-6.2,4
Levophenacylmorphan_ZINC000004216728,1,-6.2,4
Dimetipirium_ZINC000004212990,1,-6.2,8
Abamectin-component-b1a_ZINC000306147034,1,-6.2,11
Setastine_ZINC000000601258,1,-6.2,6
Volixibat_ZINC000164888446,1,-6.2,17
Etoposide-phosphate_ZINC000245205036,1,-6.2,9
Irbesartan_ZINC000003872931,1,-6.2,7
Gw590735_ZINC000016052349,1,-6.2,8
Etoposide_ZINC000011615744,1,-6.2,8
Cerc-301_ZINC000006716889,1,-6.2,6
Terizidone_ZINC000005785445,1,-6.2,4
Penfluridol_ZINC000004217252,1,-6.2,9
Nabazenil_ZINC000040163159,1,-6.2,12
Pinolcaine_ZINC000004214153,1,-6.2,6
Tesevatinib_ZINC000114456300,1,-6.2,6
Bifonazole_ZINC000003812958,1,-6.2,4
Zstk-474_ZINC000100683572,1,-6.2,1
Temocapril_ZINC000003808778,1,-6.2,11
Sepimostat_ZINC000003778392,1,-6.2,7
Raxatrigine_ZINC000034892269,1,-6.2,5
Bilastine_ZINC000003822702,1,-6.2,10
Itraconazole_ZINC000028007119,1,-6.2,11
Hesperidin_ZINC000248139800,1,-6.2,15
Hesperidin_ZINC000008382287,1,-6.2,15
Hesperidin_ZINC000008680007,1,-6.2,15
Etoposide_ZINC000100042693,1,-6.2,8
Ataluren_ZINC000013831791,1,-6.2,3
Buclizine_ZINC000019364226,1,-6.2,6
Vedaprofen_ZINC000001842638,1,-6.2,3
Glicetanile_ZINC000000607915,1,-6.2,9
Tiflamizole_ZINC000000538458,1,-6.2,5
Quiflapon_ZINC000001914818,1,-6.2,10
Mocetinostat_ZINC000013986811,1,-6.2,7
Elinogrel_ZINC000043153259,1,-6.2,5
Relcovaptan_ZINC000003931527,1,-6.2,8
Lurtotecan_ZINC000022010625,1,-6.2,4
Lestaurtinib_ZINC000003781738,1,-6.2,5
Sertindole_ZINC000000538337,1,-6.2,5
Sparsentan_ZINC000006716826,1,-6.2,12
Declenperone_ZINC000004215520,1,-6.2,6
Flurantel_ZINC000000537751,1,-6.2,9
Fenoverine_ZINC000019899628,1,-6.2,4
Xl-019_ZINC000095930152,1,-6.2,6
Birinapant_ZINC000096941868,1,-6.2,17
Tecarfarin_ZINC000013985547,1,-6.2,7
Gsk-1070916_ZINC000043170519,1,-6.2,7
Englitazone_ZINC000005933666,1,-6.2,4
Zolasartan_ZINC000001552379,1,-6.2,8
Altapizone_ZINC000006096074,1,-6.2,6
Ketoconazole_ZINC000003872994,1,-6.2,7
Fludoxopone_ZINC000000537737,1,-6.2,5
Icopezil-maleate_ZINC000000537848,1,-6.2,5
Azd-7624_ZINC000002105298,1,-6.2,5
Efletirizine_ZINC000019367813,1,-6.2,8
Indinavir_ZINC000022448696,1,-6.2,14
Teniposide_ZINC000253928518,1,-6.2,9
Gsk-461364_ZINC000043154472,1,-6.2,8
Alvimopan_ZINC000003782341,1,-6.2,9
Fluotracen_ZINC000000000320,1,-6.2,5
Fluprofylline_ZINC000000537750,1,-6.2,6
Haloperidol_ZINC000000537822,1,-6.2,7
Fluotracen_ZINC000005736145,1,-6.2,5
Flesinoxan_ZINC000053257919,1,-6.2,7
Nicomol_ZINC000004213975,1,-6.2,17
Etoposide-phosphate_ZINC000306146643,1,-6.2,9
Idelalisib_ZINC000013986658,1,-6.2,5
Edaglitazone_ZINC000001483899,1,-6.2,7
Tedizolid-phosphate_ZINC000043100953,1,-6.2,6
Heliomycin_ZINC000100150837,1,-6.2,3
Biriperone_ZINC000019366609,1,-6.2,5
Etoposide_ZINC000143020573,1,-6.2,8
Vx-702_ZINC000036377992,1,-6.2,4
Gepotidacin_ZINC000223227887,1,-6.2,5
Diflomotecan_ZINC000001489193,1,-6.2,2
alpha_Ergocryptine_ZINC000575417835,1,-6.2,6
Razaxaban_ZINC000003633839,1,-6.2,8
Abt-102_ZINC000028964600,1,-6.2,3
Terizidone_ZINC000030691445,1,-6.2,4
Yohimbic-acid_ZINC000009214629,1,-6.2,2
Frabuprofen_ZINC000004213393,1,-6.2,10
Enpiroline_ZINC000001568034,1,-6.2,6
Etoposide-phosphate_ZINC000575418370,1,-6.2,9
baicalin_ZINC000003943903,1,-6.2,9
Yohimbic-acid_ZINC000009302199,1,-6.2,2
Pretamazium_ZINC000004214179,1,-6.2,6
Floxacrine_ZINC000000607874,1,-6.2,3
Balaglitazone_ZINC000001481805,1,-6.1,5
Kx2-391_ZINC000043152787,1,-6.1,9
Azatadine_ZINC000000968337,1,-6.1,0
Cloperidone_ZINC000004215426,1,-6.1,5
Tadalafil_ZINC000008204637,1,-6.1,1
Raloxifene_ZINC000000538275,1,-6.1,9
Bosentan_ZINC000001538857,1,-6.1,12
Hesperidin_ZINC000008143568,1,-6.1,15
Cicloprofen_ZINC000001566379,1,-6.1,2
Bi-2536_ZINC000035851315,1,-6.1,7
Pirdonium_ZINC000033852273,1,-6.1,5
Maralixibat_ZINC000003923919,1,-6.1,14
Teniposide_ZINC000150674146,1,-6.1,9
Etoposide_ZINC000100023538,1,-6.1,8
Ramatroban_ZINC000003798772,1,-6.1,6
Metoquizine_ZINC000000607966,1,-6.1,1
Sitogluside_ZINC000118930262,1,-6.1,13
Adomeglivant_ZINC000117040414,1,-6.1,12
Terutroban_ZINC000003811419,1,-6.1,6
Tesevatinib_ZINC000117147301,1,-6.1,6
Nelivaptan_ZINC000042833251,1,-6.1,9
Teniposide_ZINC000003831507,1,-6.1,9
Gedatolisib_ZINC000049757175,1,-6.1,7
Talmapimod_ZINC000034001955,1,-6.1,5
Palomid-529_ZINC000043195312,1,-6.1,7
Oxapium_ZINC000003874576,1,-6.1,4
Blonanserin_ZINC000000597434,1,-6.1,3
Lurasidone_ZINC000003927822,1,-6.1,5
Diphenylpiperidinomethyldioxolan_ZINC000003620841,1,-6.1,4
Phenothrin_ZINC000000608024,1,-6.1,7
Etoposide-phosphate_ZINC000575418371,1,-6.1,9
Isalsteine_ZINC000013889554,1,-6.1,5
Palomid-529_ZINC000043195311,1,-6.1,7
Pemetrexed_ZINC000001851132,1,-6.1,10
Raxatrigine_ZINC000113543591,1,-6.1,5
Zafirlukast_ZINC000000896717,1,-6.1,10
Enasidenib_ZINC000222731806,1,-6.1,9
Cicloprofen_ZINC000000000144,1,-6.1,2
Posaconazole_ZINC000060392777,1,-6.1,13
Entospletinib_ZINC000098208742,1,-6.1,4
Sulindac-sulfone_ZINC000013531944,1,-6.1,4
Acolbifene_ZINC000000598598,1,-6.1,8
Halopemide_ZINC000000537818,1,-6.1,5
Arhalofenate_ZINC000002012859,1,-6.1,9
Enpiroline_ZINC000004628938,1,-6.1,6
Afacifenacin_ZINC000001554383,1,-6.1,6
Mk-0533_ZINC000049878561,1,-6.1,10
Presatovir_ZINC000147519584,1,-6.1,6
Droperidol_ZINC000019796080,1,-6.1,6
Acoxatrine_ZINC000005196905,1,-6.1,5
Zaltoprofen_ZINC000000016678,1,-6.1,2
Sodelglitazar_ZINC000001553281,1,-6.1,8
Nicafenine_ZINC000001846209,1,-6.1,8
Etoposide_ZINC000135672818,1,-6.1,8
Edifolone_ZINC000004215756,1,-6.1,3
Lufuradom_ZINC000004213704,1,-6.1,4
Bisantrene_ZINC000001577736,1,-6.1,6
Mk-2461_ZINC000034842286,1,-6.1,6
Abamectin-component-b1a_ZINC000245224132,1,-6.1,11
Dioxadrol_ZINC000008659933,1,-6.1,3
Dolutegravir_ZINC000058581064,1,-6.1,4
Edatrexate_ZINC000001618703,1,-6.1,12
Rgb-286638_ZINC000043128366,1,-6.1,8
Bradanicline_ZINC000064540331,1,-6.1,4
Netupitant_ZINC000011681563,1,-6.1,7
Tioclomarol_ZINC000004214466,1,-6.1,6
Doramapimod_ZINC000024044436,1,-6.1,8
Hydroxystenozole_ZINC000004430803,1,-6.1,1
Butanserin_ZINC000002019989,1,-6.1,7
Ibipinabant_ZINC000003964747,1,-6.1,4
Dacuronium_ZINC000004212779,1,-6.1,5
Lombazole_ZINC000004213681,1,-6.1,4
Homopipramol_ZINC000022463208,1,-6.1,7
Clocapramine_ZINC000000608266,1,-6.1,6
Fasitibant_ZINC000095606973,1,-6.1,13
Sitogluside_ZINC000253476255,1,-6.1,13
Teniposide_ZINC000077313306,1,-6.1,9
Zstk-474_ZINC000100683574,1,-6.1,1
Vestipitant_ZINC000003936035,1,-6.1,5
Reserpine_ZINC000003938746,1,-6.1,10
Hesperidin_ZINC000103938984,1,-6.1,15
Teflutixol_ZINC000023358283,1,-6.1,8
Ziprasidone_ZINC000000538550,1,-6.1,4
Cilansetron_ZINC000000004035,1,-6.1,2
Aprepitant_ZINC000043770784,1,-6.1,8
Tropesin_ZINC000000638627,1,-6.1,9
Yohimbic-acid_ZINC000072186823,1,-6.1,2
Glisentide_ZINC000000537793,1,-6.1,8
Revenast_ZINC000000538286,1,-6.1,7
Pki-166_ZINC000034032906,1,-6.1,5
Bi-2536_ZINC000013986815,1,-6.1,7
Rilmakalim_ZINC000003801510,1,-6.1,4
Opipramol_ZINC000021981303,1,-6.1,7
Lopinavir_ZINC000097975231,1,-6.1,16
Olmesartan_ZINC000000538621,1,-6.1,9
Toreforant_ZINC000043175812,1,-6.1,6
Difeterol_ZINC000004212934,1,-6.1,10
Enmd-2076_ZINC000034885047,1,-6.1,5
Mefloquine_ZINC000000537964,1,-6.1,5
Hesperidin_ZINC000100204058,1,-6.1,15
Encaleret_ZINC000066097848,1,-6.1,12
Acoxatrine_ZINC000001640527,1,-6.1,5
Calcipotriene_ZINC000065731406,1,-6.1,8
Temafloxacin_ZINC000009133461,1,-6.1,3
Ciprafamide_ZINC000004215363,1,-6.1,5
Fluorescein_ZINC000003872582,1,-6.1,2
Volasertib_ZINC000100071772,1,-6.1,10
Tecovirimat_ZINC000035323125,1,-6.1,5
Oxarbazole_ZINC000000000574,1,-6.1,3
Vicriviroc_ZINC000022010579,1,-6.1,7
Lopinavir_ZINC000043773445,1,-6.1,16
Calcipotriene_ZINC000038599402,1,-6.1,8
Niravoline_ZINC000000607401,1,-6.1,5
Picophosphoric-acid_ZINC000004217453,1,-6.1,7
Ponazuril_ZINC000033854754,1,-6.1,5
Andolast_ZINC000000004680,1,-6.1,4
Amitriptyline_ZINC000000968257,1,-6.1,3
Cyclobenzaprine_ZINC000000968263,1,-6.1,3
Enpiroline_ZINC000001568036,1,-6.1,6
Tolnapersine_ZINC000001846110,1,-6.1,3
Mazokalim_ZINC000003916953,1,-6.1,10
Teniposide_ZINC000003831509,1,-6.1,9
Tadalafil_ZINC000008204642,1,-6.1,1
Teniposide_ZINC000028226559,1,-6.1,9
Azd2624_ZINC000043169623,1,-6.1,7
Teniposide_ZINC000150652465,1,-6.1,9
Teneligliptin_ZINC000036520254,1,-6.1,4
Pipequaline_ZINC000001482144,1,-6.1,4
Tezosentan_ZINC000003954692,1,-6.1,13
Perafensine_ZINC000033852266,1,-6.1,2
Darglitazone_ZINC000001492464,1,-6.1,7
Napitane_ZINC000003794361,1,-6.1,3
Lusaperidone_ZINC000001903948,1,-6.1,3
Alisertib_ZINC000040939534,1,-6.1,6
Hydroxyestrone_diacetate_ZINC000005166858,1,-6.1,4
Teniposide_ZINC000003831506,1,-6.1,9
Brequinar_ZINC000001587011,1,-6.1,3
Azd2624_ZINC000043169621,1,-6.1,7
Eniclobrate_ZINC000001573374,1,-6.1,9
Etoposide_ZINC000011615745,1,-6.1,8
Etriciguat_ZINC000000603759,1,-6.1,5
Mexazolam_ZINC000040163149,1,-6.1,1
Itraconazole_ZINC000004097343,1,-6.1,11
Clopimozide_ZINC000004215428,1,-6.1,7
Hesperidin_ZINC000252008995,1,-6.1,15
Etoposide_ZINC000015449127,1,-6.1,8
Tivozanib_ZINC000001489430,1,-6.0,6
Ac-430_ZINC000095079935,1,-6.0,5
Napirimus_ZINC000000001783,1,-6.0,3
Retosiban_ZINC000006718496,1,-6.0,6
Ticagrelor_ZINC000028957444,1,-6.0,13
Neflumozide_ZINC000000538067,1,-6.0,5
Xl-019_ZINC000095560529,1,-6.0,6
Epelsiban_ZINC000084727380,1,-6.0,6
Tefludazine_ZINC000022463345,1,-6.0,6
Carebastine_ZINC000004215193,1,-6.0,11
Hesperidin_ZINC000049889104,1,-6.0,15
Vindesine_ZINC000008214470,1,-6.0,10
Clobuzarit_ZINC000000001179,1,-6.0,5
Avanafil_ZINC000011677857,1,-6.0,10
Etipirium_ZINC000000001399,1,-6.0,8
Cerc-301_ZINC000140559171,1,-6.0,6
Yohimbic-acid_ZINC000005776998,1,-6.0,2
Tosufloxacin_ZINC000021983589,1,-6.0,4
Cep-5214_ZINC000001551940,1,-6.0,7
Lofepramine_ZINC000001542929,1,-6.0,7
Sitogluside_ZINC000118913171,1,-6.0,13
Abamectin-component-b1a_ZINC000257373234,1,-6.0,11
Sitogluside_ZINC000253534732,1,-6.0,13
Spiroxatrine_ZINC000053113561,1,-6.0,3
Etoposide_ZINC000004245621,1,-6.0,8
Proscillaridin_ZINC000306121902,1,-6.0,7
Teniposide_ZINC000003984009,1,-6.0,9
Besonprodil_ZINC000027299440,1,-6.0,7
Toquizine_ZINC000000608107,1,-6.0,2
Octriptyline_ZINC000002005385,1,-6.0,3
Lemborexant_ZINC000209650589,1,-6.0,6
Vorozole_ZINC000003791538,1,-6.0,3
Ramiprilat_ZINC000004217399,1,-6.0,8
Vatalanib_ZINC000000007460,1,-6.0,4
Tezacaftor_ZINC000068206930,1,-6.0,11
Buclizine_ZINC000019364228,1,-6.0,6
Hesperidin_ZINC000253499898,1,-6.0,15
Nifuroquine_ZINC000001842848,1,-6.0,3
Levomefolic-acid_ZINC000002005305,1,-6.0,10
Leq506_ZINC000103298500,1,-6.0,6
Vismodegib_ZINC000040899447,1,-6.0,4
Toborinone_ZINC000002015953,1,-6.0,10
Batefenterol_ZINC000096941866,1,-6.0,16
Olcegepant_ZINC000098052868,1,-6.0,13
Benzaprinoxide_ZINC000000001009,1,-6.0,3
Forasartan_ZINC000005139136,1,-6.0,10
Galunisertib_ZINC000003959536,1,-6.0,3
Flupentixol_ZINC000028643021,1,-6.0,7
Rispenzepine_ZINC000003795847,1,-6.0,1
Tiospirone_ZINC000001915508,1,-6.0,6
Englitazone_ZINC000005933617,1,-6.0,4
beta_Ergocryptine_ZINC000100071821,1,-6.0,6
Oxapium_ZINC000003874577,1,-6.0,4
Fluspirilene_ZINC000000537755,1,-6.0,7
Glunicate_ZINC000004216419,1,-6.0,15
Abamectin-component-b1a_ZINC000306147032,1,-6.0,11
Hesperidin_ZINC000104889096,1,-6.0,15
Imatinib_ZINC000019632618,1,-6.0,7
Oxyphenisatine_ZINC000004217234,1,-6.0,4
Mk-0249_ZINC000038269036,1,-6.0,7
Sulindac_ZINC000031356637,1,-6.0,4
Indacrinone_ZINC000000538575,1,-6.0,4
Hesperidin_ZINC000247658398,1,-6.0,15
Etoposide_ZINC000100042696,1,-6.0,8
Rimonabant_ZINC000001540228,1,-6.0,4
Telinavir_ZINC000003915259,1,-6.0,15
Capromorelin_ZINC000011678032,1,-6.0,10
Itraconazole_ZINC000028007115,1,-6.0,11
Cp-724714_ZINC000003817105,1,-6.0,9
Saperconazole_ZINC000028712570,1,-6.0,11
Dovitinib_ZINC000003816310,1,-6.0,3
Pyrinoline_ZINC000000538243,1,-6.0,6
Rolapitant_ZINC000003816514,1,-6.0,7
Glucametacin_ZINC000097974783,1,-6.0,10
Mk-2461_ZINC000034842284,1,-6.0,6
Morazone_ZINC000031982610,1,-6.0,4
Dexindoprofen_ZINC000000000391,1,-6.0,3
Bidimazium_ZINC000004215011,1,-6.0,5
Docetaxel_ZINC000085537053,1,-6.0,17
Broclepride_ZINC000004215067,1,-6.0,6
Intrazole_ZINC000000001573,1,-6.0,3
Cinuperone_ZINC000031425112,1,-6.0,6
Eleclazine_ZINC000206191652,1,-6.0,5
Pituxate_ZINC000002019903,1,-6.0,7
Plinabulin_ZINC000003819466,1,-6.0,3
Tedalinab_ZINC000072266313,1,-6.0,3
Hesperidin_ZINC000085340597,1,-6.0,15
Metbufen_ZINC000000000474,1,-6.0,5
Troglitazone_ZINC000000968276,1,-6.0,6
Atibeprone_ZINC000000005661,1,-6.0,4
Lopinavir_ZINC000011616285,1,-6.0,16
Bevonium_ZINC000001999350,1,-6.0,7
Azd-8055_ZINC000095567488,1,-6.0,6
Salazosulfadimidine_ZINC000004194759,1,-6.0,8
Solcitinib_ZINC000118401631,1,-6.0,4
Derenofylline_ZINC000044672349,1,-6.0,4
Tioclomarol_ZINC000030691434,1,-6.0,6
Gsk239512_ZINC000003961802,1,-6.0,4
Doxapram_ZINC000019632670,1,-6.0,6
Osi-027_ZINC000068203220,1,-6.0,5
Teniposide_ZINC000254077833,1,-6.0,9
Teniposide_ZINC000203773037,1,-6.0,9
Calcipotriene_ZINC000003921872,1,-6.0,8
Almitrine_ZINC000004214772,1,-6.0,10
Abamectin-component-b1a_ZINC000242649032,1,-6.0,11
Tak-715_ZINC000006717791,1,-6.0,5
Fluotracen_ZINC000004213359,1,-6.0,5
Fluotracen_ZINC000005752379,1,-6.0,5
Proscillaridin_ZINC000056897526,1,-6.0,7
Carbamazepine_ZINC000000004785,1,-6.0,0
Flumecinol_ZINC000000000314,1,-6.0,5
Etoposide_ZINC000003978073,1,-6.0,8
Frabuprofen_ZINC000031555620,1,-6.0,10
Ralimetinib_ZINC000034630490,1,-6.0,6
Otenabant_ZINC000003948997,1,-6.0,6
Roxadustat_ZINC000071257465,1,-6.0,6
Taprostene_ZINC000004217507,1,-6.0,7
Yohimbic-acid_ZINC000003947440,1,-6.0,2
Lufuradom_ZINC000000607947,1,-6.0,4
Etoposide_ZINC000103553205,1,-6.0,8
Carbiphene_ZINC000001698104,1,-6.0,11
Tideglusib_ZINC000013985228,1,-6.0,3
Sparfloxacin_ZINC000000538362,1,-6.0,4
Deserpidine_ZINC000257400371,1,-6.0,9
Liarozole_ZINC000011687637,1,-6.0,3
Homochlorcyclizine_ZINC000019365270,1,-6.0,3
Flufylline_ZINC000000537738,1,-6.0,5
Pirdonium_ZINC000004214160,1,-6.0,5
Dioxadrol_ZINC000008143662,1,-6.0,3
Proscillaridin_ZINC000257488917,1,-6.0,7
Pyronaridine_ZINC000003882897,1,-6.0,8
Spiroglumide_ZINC000001554851,1,-6.0,6
Cep-7055_ZINC000003955614,1,-6.0,10
Cyclophenazine_ZINC000022463171,1,-6.0,6
Brigatinib_ZINC000148723177,1,-6.0,8
Rivoglitazone_ZINC000001481958,1,-6.0,6
Bifeprofen_ZINC000031502469,1,-6.0,6
Ph-797804_ZINC000013980453,1,-6.0,5
Tioxaprofen_ZINC000001842648,1,-6.0,5
Lefradafiban_ZINC000027093989,1,-6.0,10
Trandolapril_ZINC000013298452,1,-6.0,10
Piriqualone_ZINC000004217322,1,-6.0,3
Utibaprilat_ZINC000003798525,1,-6.0,9
Strychnine_ZINC000000119434,1,-6.0,0
Cep-32496_ZINC000043207440,1,-6.0,8
Olmesartan_medoxomil_ZINC000004149248,1,-6.0,12
Permethrin_ZINC000001850374,1,-6.0,7
Alfatradiol_ZINC000000002298,1,-6.0,2
Pki-166_ZINC000000023255,1,-6.0,5
Mobenzoxamine_ZINC000022942298,1,-6.0,12
Quizartinib_ZINC000043204002,1,-6.0,8
Etoposide-phosphate_ZINC000618072475,1,-6.0,9
Enviradene_ZINC000006485600,1,-6.0,5
Ramipril_ZINC000009212658,1,-6.0,10
Danitracen_ZINC000001481770,1,-6.0,1
Otamixaban_ZINC000001908051,1,-6.0,10
Jnj-38877605_ZINC000043170515,1,-6.0,3
Prasterone_acetate_ZINC000253498200,1,-6.0,2
Amlexanox_ZINC000000000928,1,-6.0,3
Teniposide_ZINC000067957213,1,-6.0,9
Alvimopan_ZINC000000605670,1,-6.0,9
Abamectin-component-b1a_ZINC000252694903,1,-6.0,11
Paliperidone_ZINC000001481956,1,-6.0,5
Pyrophenindane_ZINC000031574997,1,-6.0,3
Ast-487_ZINC000023247639,1,-6.0,9
Fostemsavir_ZINC000014210883,1,-6.0,8
Prasterone_acetate_ZINC000253498202,1,-6.0,2
Piperilate_ZINC000000188746,1,-6.0,8
Pirdonium_ZINC000033852274,1,-6.0,5
Edatrexate_ZINC000001618702,1,-6.0,12
Tanzisertib_ZINC000100285204,1,-6.0,6
Mioflazine_ZINC000022463073,1,-6.0,10
Azd-4547_ZINC000095616598,1,-6.0,8
Prozapine_ZINC000001482157,1,-5.9,5
Etoposide_ZINC000011615742,1,-5.9,8
Ketanserin_ZINC000000537877,1,-5.9,5
Fenticonazole_ZINC000011525628,1,-5.9,8
Abt-102_ZINC000028964595,1,-5.9,3
Folic-acid_ZINC000008585850,1,-5.9,11
Clomifenoxide_ZINC000003647465,1,-5.9,9
Ticagrelor_ZINC000143240622,1,-5.9,13
Ozenoxacin_ZINC000001483896,1,-5.9,4
Abamectin-component-b1a_ZINC000252673976,1,-5.9,11
Pimobendan_ZINC000004170129,1,-5.9,3
Nafoxidine_ZINC000000538045,1,-5.9,7
Propisergide_ZINC000033858308,1,-5.9,4
Protriptyline_ZINC000001530764,1,-5.9,4
Vinpoline_ZINC000004214635,1,-5.9,6
Ramipril_ZINC000059191484,1,-5.9,10
Pamaqueside_ZINC000257972190,1,-5.9,13
Sitogluside_ZINC000253534733,1,-5.9,13
Meribendan_ZINC000100378338,1,-5.9,2
Thiothixene_ZINC000030690433,1,-5.9,5
Israpafant_ZINC000003776441,1,-5.9,6
Bindarit_ZINC000000004594,1,-5.9,6
Ftormetazine_ZINC000019338440,1,-5.9,4
Bisfenazone_ZINC000000608210,1,-5.9,6
Morniflumate_ZINC000021999791,1,-5.9,8
Fenquizone_ZINC000001846476,1,-5.9,3
Tefenperate_ZINC000004214387,1,-5.9,11
Prasterone_acetate_ZINC000039944338,1,-5.9,2
Ciglitazone_ZINC000001481754,1,-5.9,5
Veliflapon_ZINC000000598193,1,-5.9,6
Hydroxyestrone_diacetate_ZINC000253492745,1,-5.9,4
Calcipotriene_ZINC000100517384,1,-5.9,8
Mk-7246_ZINC000034804182,1,-5.9,5
Azilsartan-medoxomil_ZINC000014210642,1,-5.9,10
Iloperidone_ZINC000001548097,1,-5.9,8
Cabergoline_ZINC000003830352,1,-5.9,8
Phenothrin_ZINC000002005534,1,-5.9,7
Temafloxacin_ZINC000002004103,1,-5.9,3
Edotecarin_ZINC000003946372,1,-5.9,14
Cloperastine_ZINC000000057252,1,-5.9,6
Nepaprazole_ZINC000004626670,1,-5.9,3
Reclazepam_ZINC000000538279,1,-5.9,2
Tetragastrin_ZINC000058522901,1,-5.9,17
Ansoxetine_ZINC000005957953,1,-5.9,7
Taprenepag_ZINC000072266311,1,-5.9,10
Tidembersat_ZINC000003823817,1,-5.9,4
Draflazine_ZINC000022447482,1,-5.9,12
Azd-8055_ZINC000115586131,1,-5.9,6
Alvimopan_ZINC000000598850,1,-5.9,9
Defactinib_ZINC000103297739,1,-5.9,9
Indiplon_ZINC000000538650,1,-5.9,4
Viroxime_ZINC000100088129,1,-5.9,5
Butenafine_ZINC000001530975,1,-5.9,5
Hydroxyestrone_diacetate_ZINC000254855482,1,-5.9,4
Bms-777607_ZINC000039716080,1,-5.9,8
Talniflumate_ZINC000000601275,1,-5.9,6
Camicinal_ZINC000034850365,1,-5.9,6
Calcipotriene_ZINC000142740411,1,-5.9,8
Lasofoxifene_ZINC000003918428,1,-5.9,7
Chlorcyclizine_ZINC000019362737,1,-5.9,3
Quinaldine-blue_ZINC000001687632,1,-5.9,4
Epsiprantel_ZINC000000000253,1,-5.9,1
Aprepitant_ZINC000027428713,1,-5.9,8
Posaconazole_ZINC000060392780,1,-5.9,13
Piflutixol_ZINC000031297681,1,-5.9,7
Teniposide_ZINC000003831508,1,-5.9,9
Xylocoumarol_ZINC000005765149,1,-5.9,1
Parodilol_ZINC000013884221,1,-5.9,9
Dexetimide_ZINC000006927490,1,-5.9,4
Bgt-226_ZINC000073069304,1,-5.9,5
Erizepine_ZINC000001482057,1,-5.9,0
Palonosetron_ZINC000003795819,1,-5.9,1
Ontazolast_ZINC000000005761,1,-5.9,5
Proscillaridin_ZINC000257488919,1,-5.9,7
Becliconazole_ZINC000003780731,1,-5.9,3
Androisoxazole_ZINC000004211958,1,-5.9,1
Sitogluside_ZINC000253558546,1,-5.9,13
Pirdonium_ZINC000001481899,1,-5.9,5
Ensaculin_ZINC000001540003,1,-5.9,8
Embusartan_ZINC000001539013,1,-5.9,9
Syrosingopine_ZINC000004214363,1,-5.9,13
Calcipotriene_ZINC000065731407,1,-5.9,8
Lidanserin_ZINC000013883416,1,-5.9,9
Deserpidine_ZINC000257400370,1,-5.9,9
Barasertib_ZINC000043129461,1,-5.9,15
Naranol_ZINC000011616846,1,-5.9,1
Ag-24322_ZINC000200158122,1,-5.9,5
Letermovir_ZINC000100369359,1,-5.9,8
Benoxaprofen_ZINC000001872015,1,-5.9,3
Etoposide_ZINC000003830816,1,-5.9,8
Ivarimod_ZINC000004216671,1,-5.9,5
Isamfazone_ZINC000001846300,1,-5.9,6
Cediranib_ZINC000003948085,1,-5.9,8
Calcipotriene_ZINC000100489836,1,-5.9,8
Axitinib_ZINC000003816287,1,-5.9,5
Pyrvinium_ZINC000003831401,1,-5.9,4
Ciglitazone_ZINC000001854671,1,-5.9,5
Trazitiline_ZINC000022463350,1,-5.9,1
Tioxaprofen_ZINC000001842649,1,-5.9,5
Diftalone_ZINC000000001296,1,-5.9,0
Flutemazepam_ZINC000002005018,1,-5.9,2
Elamipretide_ZINC000043130902,1,-5.9,22
Paroxetine_ZINC000000527386,1,-5.9,4
Hydromorphone_sulfate_ZINC000097974884,1,-5.9,2
Alatrofloxacin_ZINC000100067477,1,-5.9,8
Pinoxepin_ZINC000023477086,1,-5.9,6
Triparanol_ZINC000001692389,1,-5.9,11
Dexindoprofen_ZINC000000156823,1,-5.9,3
Aceperone_ZINC000004214717,1,-5.9,8
Fendizoate_ZINC000000001431,1,-5.9,5
Ganetespib_ZINC000043130413,1,-5.9,5
Bromperidol_ZINC000000601270,1,-5.9,7
Imipraminoxide_ZINC000000001557,1,-5.9,4
Dilmapimod_ZINC000034997404,1,-5.9,8
Glisoxepide_ZINC000000537804,1,-5.9,7
Abt-107_ZINC000038304971,1,-5.9,3
Bifeprofen_ZINC000031502465,1,-5.9,6
Posaconazole_ZINC000164119553,1,-5.9,13
Pipramadol_ZINC000027556351,1,-5.9,7
Topotecan_ZINC000001611274,1,-5.9,5
Bendroflumethiazide_ZINC000000897222,1,-5.9,5
Xinidamine_ZINC000000002246,1,-5.9,3
Mefloquine_ZINC000000897089,1,-5.9,5
Flortaucipir_ZINC000148048492,1,-5.9,1
Etoposide_ZINC000003925951,1,-5.9,8
Demexiptiline_ZINC000001542913,1,-5.9,4
Tiomergine_ZINC000004217573,1,-5.9,3
Teniposide_ZINC000004099008,1,-5.9,9
Polydatin_ZINC000012888734,1,-5.9,11
Enalaprilat_ZINC000003812851,1,-5.9,8
Oxiramide_ZINC000004214064,1,-5.9,9
Difenpiramide_ZINC000000001293,1,-5.9,4
Ketoconazole_ZINC000000643153,1,-5.9,7
Cloroperone_ZINC000004215442,1,-5.9,7
Zd-4190_ZINC000001490292,1,-5.9,7
Teniposide_ZINC000150652469,1,-5.9,9
Etalocib_ZINC000003930629,1,-5.9,14
Bisoxatin-acetate_ZINC000000608211,1,-5.9,6
Teoprolol_ZINC000001846193,1,-5.9,10
Proroxan_ZINC000003087481,1,-5.9,5
Fenticonazole_ZINC000001542894,1,-5.9,8
Trefentanil_ZINC000000538484,1,-5.9,8
Verucerfont_ZINC000034661169,1,-5.9,6
Tosufloxacin_ZINC000021983587,1,-5.9,4
Posaconazole_ZINC000060392779,1,-5.9,13
Zoloperone_ZINC000036093059,1,-5.9,7
Varlitinib_ZINC000013980035,1,-5.9,7
Rucaparib_ZINC000000025958,1,-5.9,3
Cintazone_ZINC000002038936,1,-5.9,5
Elziverine_ZINC000072266916,1,-5.9,10
Lumefantrine_ZINC000013831151,1,-5.9,11
Gsk189254_ZINC000003961799,1,-5.9,4
Deserpidine_ZINC000004097186,1,-5.9,9
Terconazole_ZINC000003873934,1,-5.9,8
Losmiprofen_ZINC000000000433,1,-5.9,5
Prenoxdiazine_ZINC000000538227,1,-5.9,7
Troglitazone_ZINC000000968277,1,-5.9,6
Fasiglifam_ZINC000068208039,1,-5.9,11
Meclonazepam_ZINC000004216812,1,-5.9,2
Estriol_ZINC000012402601,1,-5.9,3
Fenbufen_ZINC000000001427,1,-5.9,5
Mubritinib_ZINC000011679877,1,-5.9,11
Lometrexol_ZINC000008577213,1,-5.9,11
Dioxadrol_ZINC000003080605,1,-5.9,3
Sb-742457_ZINC000043199965,1,-5.9,3
Presatovir_ZINC000147513579,1,-5.9,6
Pf-04217903_ZINC000043195316,1,-5.9,6
Epicainide_ZINC000000000251,1,-5.9,7
Racemethorphan_ZINC000000001614,1,-5.9,1
Prasterone_acetate_ZINC000239164897,1,-5.9,2
Bms-754807_ZINC000043203317,1,-5.9,6
Poldine_ZINC000000000651,1,-5.9,7
Alvimopan_ZINC000003802417,1,-5.9,9
Axitirome_ZINC000001538134,1,-5.9,10
Daprodustat_ZINC000231226004,1,-5.9,5
Ambruticin_ZINC000008214482,1,-5.9,11
Amiperone_ZINC000004214827,1,-5.9,7
Sulindac_ZINC000003786192,1,-5.9,4
Glucametacin_ZINC000110343950,1,-5.9,10
Teniposide_ZINC000077313309,1,-5.9,9
Visnadine_ZINC000014883340,1,-5.9,6
Sitogluside_ZINC000253558545,1,-5.9,13
Oxfendazole_ZINC000008584338,1,-5.9,4
Etoposide_ZINC000011615747,1,-5.9,8
Isocromil_ZINC000000001588,1,-5.9,4
Fradafiban_ZINC000003789797,1,-5.9,8
Nicofetamide_ZINC000014684145,1,-5.9,5
Mozavaptan_ZINC000003804565,1,-5.9,4
Nuvenzepine_ZINC000000001845,1,-5.9,1
Praziquantel_ZINC000000403566,1,-5.9,1
Polydatin_ZINC000003881962,1,-5.9,11
Masitinib_ZINC000034177219,1,-5.9,7
Gepotidacin_ZINC000138562667,1,-5.9,5
Vx-745_ZINC000013493055,1,-5.9,3
Yohimbic-acid_ZINC000247338204,1,-5.9,2
Sarizotan_ZINC000000021067,1,-5.9,5
Sulindac_ZINC000004475353,1,-5.9,4
Ormeloxifene_ZINC000005104028,1,-5.9,7
Irtemazole_ZINC000005424882,1,-5.9,3
Dizocilpine_ZINC000025757829,1,-5.9,0
Brecanavir_ZINC000003994828,1,-5.9,16
Eslicarbazepine-acetate_ZINC000000023896,1,-5.9,2
Besonprodil_ZINC000027299445,1,-5.9,7
Etoposide_ZINC000003978072,1,-5.9,8
ipragliflozin_ZINC000306122897,1,-5.9,8
Teniposide_ZINC000150652472,1,-5.9,9
Deserpidine_ZINC000003830661,1,-5.9,9
Empagliflozin_ZINC000036520252,1,-5.9,10
Cintazone_ZINC000001680067,1,-5.9,5
Brivanib_ZINC000013684256,1,-5.9,6
Arzoxifene_ZINC000001544683,1,-5.9,9
Tolpadol_ZINC000001999505,1,-5.9,7
Azelastine_ZINC000000601229,1,-5.9,3
Trovafloxacin_ZINC000100030989,1,-5.8,4
Osi-930_ZINC000003962535,1,-5.8,7
Perlapine_ZINC000027303430,1,-5.8,1
Tolpadol_ZINC000031297957,1,-5.8,7
Riviciclib_ZINC000113496418,1,-5.8,5
Hydroxyestrone_diacetate_ZINC000005228505,1,-5.8,4
Buterizine_ZINC000022463149,1,-5.8,9
Tosifen_ZINC000000002199,1,-5.8,7
Pf-00446687_ZINC000147639440,1,-5.8,5
Raxatrigine_ZINC000113543589,1,-5.8,5
Flumeridone_ZINC000000537741,1,-5.8,5
Pralnacasan_ZINC000003994903,1,-5.8,6
Azd1386_ZINC000139948444,1,-5.8,3
Sivifene_ZINC000003914981,1,-5.8,8
Indoramin_ZINC000000001567,1,-5.8,5
Ormeloxifene_ZINC000001730387,1,-5.8,7
Bemetizide_ZINC000000607726,1,-5.8,4
Trantelinium_ZINC000100368273,1,-5.8,3
Azd-2014_ZINC000049019448,1,-5.8,6
Quisinostat_ZINC000035836133,1,-5.8,7
Trazium_ZINC000005935151,1,-5.8,2
Draflazine_ZINC000022851754,1,-5.8,12
Doxepin_ZINC000000001331,1,-5.8,3
Milverine_ZINC000001482110,1,-5.8,6
Fluprofen_ZINC000003598315,1,-5.8,3
Bucloxic-acid_ZINC000000001067,1,-5.8,5
Etoposide_ZINC000003938684,1,-5.8,8
Sitogluside_ZINC000085645655,1,-5.8,13
Lovastatin_ZINC000003812841,1,-5.8,8
Furobufen_ZINC000004216381,1,-5.8,4
Cyheptropine_ZINC000100372252,1,-5.8,3
Naratriptan_ZINC000000004076,1,-5.8,5
Osi-027_ZINC000252286769,1,-5.8,5
Glucametacin_ZINC000097974785,1,-5.8,10
Furostilbestrol_ZINC000000537772,1,-5.8,10
Gilteritinib_ZINC000113476229,1,-5.8,9
Becliconazole_ZINC000005425441,1,-5.8,3
Ifetroban_ZINC000003793091,1,-5.8,11
Nms-1286937_ZINC000049113058,1,-5.8,5
Methoserpidine_ZINC000004213820,1,-5.8,10
ipragliflozin_ZINC000669678948,1,-5.8,8
Glucametacin_ZINC000110343953,1,-5.8,10
Mariptiline_ZINC000002032192,1,-5.8,4
Proscillaridin_ZINC000257488916,1,-5.8,7
Sonepiprazole_ZINC000003812548,1,-5.8,6
Pibaxizine_ZINC000003804921,1,-5.8,10
Teniposide_ZINC000028226562,1,-5.8,9
Cebranopadol_ZINC000003950145,1,-5.8,2
Axamozide_ZINC000006117407,1,-5.8,4
Sertaconazole_ZINC000000606383,1,-5.8,6
Quisultazine_ZINC000004214243,1,-5.8,3
Bisacodyl_ZINC000003830321,1,-5.8,7
Azd-2014_ZINC000059259287,1,-5.8,6
Feprazone_ZINC000100016068,1,-5.8,4
Mindoperone_ZINC000004213869,1,-5.8,7
Lovastatin_ZINC000043772721,1,-5.8,8
Odapipam_ZINC000003781602,1,-5.8,2
Adimolol_ZINC000001999500,1,-5.8,10
Prulifloxacin_ZINC000000596006,1,-5.8,4
Reminertant_ZINC000001482927,1,-5.8,7
Polydatin_ZINC000003881959,1,-5.8,11
Clinofibrate_ZINC000003872098,1,-5.8,10
Morazone_ZINC000017106663,1,-5.8,4
Tedizolid-phosphate_ZINC000117720221,1,-5.8,6
Pomalidomide_ZINC000003940470,1,-5.8,2
Ticagrelor_ZINC000204935758,1,-5.8,13
Alfatradiol_ZINC000003830764,1,-5.8,2
Lomerizine_ZINC000019362693,1,-5.8,8
Eliprodil_ZINC000000004041,1,-5.8,6
Xenazoic-acid_ZINC000002044292,1,-5.8,8
Dorastine_ZINC000030690895,1,-5.8,3
Zankiren_ZINC000027084753,1,-5.8,19
Prasterone_acetate_ZINC000003881408,1,-5.8,2
Amsalog_ZINC000005461015,1,-5.8,6
Fenharmane_ZINC000040163092,1,-5.8,2
Sequifenadine_ZINC000001846272,1,-5.8,4
Azelastine_ZINC000000897240,1,-5.8,3
Proroxan_ZINC000000340372,1,-5.8,5
Calcipotriene_ZINC000148917203,1,-5.8,8
Azd-7762_ZINC000033359230,1,-5.8,4
Kw-2449_ZINC000043201999,1,-5.8,3
Ticagrelor_ZINC000204935778,1,-5.8,13
Methallenestril_ZINC000000897074,1,-5.8,5
Xenazoic-acid_ZINC000000608131,1,-5.8,8
Etarotene_ZINC000084758242,1,-5.8,4
alpha_Ergocryptine_ZINC000017654092,1,-5.8,6
Prasterone_acetate_ZINC000039944340,1,-5.8,2
Glucametacin_ZINC000575346762,1,-5.8,10
Diphenidol_ZINC000000968266,1,-5.8,7
Viroxime_ZINC000017130448,1,-5.8,5
Benproperine_ZINC000001481729,1,-5.8,6
Pf-00446687_ZINC000144234053,1,-5.8,5
Riviciclib_ZINC000003937395,1,-5.8,5
Ly-518674_ZINC000000595076,1,-5.8,9
Homofenazine_ZINC000019366089,1,-5.8,8
Pd-0166285_ZINC000001486219,1,-5.8,9
Maroxepin_ZINC000000001647,1,-5.8,0
Terflavoxate_ZINC000000538430,1,-5.8,6
Befiradol_ZINC000001492397,1,-5.8,5
Nafiverine_ZINC000022463090,1,-5.8,12
Trandolapril_ZINC000001853202,1,-5.8,10
Abamectin-component-b1a_ZINC000242649030,1,-5.8,11
Indopine_ZINC000001482088,1,-5.8,6
Tolnapersine_ZINC000000000792,1,-5.8,3
Apixaban_ZINC000011677837,1,-5.8,5
Donepezil_ZINC000000597013,1,-5.8,6
Amsacrine_ZINC000003812923,1,-5.8,5
Myfadol_ZINC000005736133,1,-5.8,5
Pf-00477736_ZINC000137899389,1,-5.8,5
Homidium_ZINC000000119632,1,-5.8,4
Yohimbic-acid_ZINC000003947438,1,-5.8,2
Indatraline_ZINC000003872906,1,-5.8,2
Alvimopan_ZINC000011677127,1,-5.8,9
Bentipimine_ZINC000022462814,1,-5.8,8
Acetergamine_ZINC000004172319,1,-5.8,2
Taselisib_ZINC000068267049,1,-5.8,5
Hesperidin_ZINC000252009000,1,-5.8,15
Napsagatran_ZINC000003807298,1,-5.8,11
Picumast_ZINC000019367677,1,-5.8,7
Dalvastatin_ZINC000000597504,1,-5.8,4
Bexagliflozin_ZINC000888086749,1,-5.8,13
Oxyphencyclimine_ZINC000000020260,1,-5.8,7
Glibutimine_ZINC000031601260,1,-5.8,8
Vesnarinone_ZINC000003781942,1,-5.8,4
Flutrimazole_ZINC000003799012,1,-5.8,4
Reglitazar_ZINC000006069082,1,-5.8,7
Glafenine_ZINC000003872687,1,-5.8,9
Idanpramine_ZINC000005733284,1,-5.8,7
Zabiciprilat_ZINC000003793034,1,-5.8,8
Tanogitran_ZINC000064527030,1,-5.8,10
Zibotentan_ZINC000001491485,1,-5.8,6
Ac-430_ZINC000095079936,1,-5.8,5
Terbuficin_ZINC000004217528,1,-5.8,9
Benzilonium_ZINC000002015882,1,-5.8,8
Ticagrelor_ZINC000584578805,1,-5.8,13
Etoposide-phosphate_ZINC000072186776,1,-5.8,9
Suclofenide_ZINC000001842729,1,-5.8,4
Olopatadine_ZINC000000001850,1,-5.8,5
Carsatrin_ZINC000022851029,1,-5.8,9
Nufenoxole_ZINC000004217195,1,-5.8,6
Toltrazuril_ZINC000000538476,1,-5.8,5
Deserpidine_ZINC000003830662,1,-5.8,9
Gdc-0994_ZINC000144904353,1,-5.8,7
Calcipotriene_ZINC000095936503,1,-5.8,8
Bemotrizinol_ZINC000011677890,1,-5.8,19
Diacetazotol_ZINC000100069197,1,-5.8,4
Flotrenizine_ZINC000022463051,1,-5.8,10
Doxazosin_ZINC000094566093,1,-5.8,5
Folic-acid_ZINC000008577218,1,-5.8,11
Gs-9667_ZINC000256680333,1,-5.8,9
Sitogluside_ZINC000118913172,1,-5.8,13
Lorcainide_ZINC000000537935,1,-5.8,5
Amperozide_ZINC000004214849,1,-5.8,7
Diniprofylline_ZINC000001999280,1,-5.8,9
Benzindopyrine_ZINC000001481982,1,-5.8,5
Ticagrelor_ZINC000214488649,1,-5.8,13
Trandolapril_ZINC000230591566,1,-5.8,10
Trifenagrel_ZINC000000538498,1,-5.8,7
Dimetipirium_ZINC000000607825,1,-5.8,8
Aprepitant_ZINC000043770782,1,-5.8,8
Palosuran_ZINC000034375693,1,-5.8,7
Droprenilamine_ZINC000011679611,1,-5.8,8
Etomidoline_ZINC000000607859,1,-5.8,7
Ci-988_ZINC000003920670,1,-5.8,13
Sulicrinat_ZINC000000538394,1,-5.8,7
Tamibarotene_ZINC000000538415,1,-5.8,3
Alfatradiol_ZINC000004521752,1,-5.8,2
Sibrafiban_ZINC000011726787,1,-5.8,11
Prasterone_acetate_ZINC000001057676,1,-5.8,2
Amicibone_ZINC000000607709,1,-5.8,7
Oxapium_ZINC000003874575,1,-5.8,4
Timcodar_ZINC000008214468,1,-5.8,18
Vorozole_ZINC000003786387,1,-5.8,3
Domitroban_ZINC000013822279,1,-5.8,9
Fenharmane_ZINC000040163093,1,-5.8,2
Deserpidine_ZINC000105090645,1,-5.8,9
Oxapium_ZINC000000000572,1,-5.8,4
Gliclazide_ZINC000000523926,1,-5.8,3
Indobufen_ZINC000003187624,1,-5.8,4
Mk-8033_ZINC000068203670,1,-5.8,6
Cilostazol_ZINC000001552174,1,-5.8,7
Nrx195183_ZINC000001909562,1,-5.8,3
Sulfasalazine_ZINC000003831490,1,-5.8,8
Flindokalner_ZINC000000839816,1,-5.8,3
Azaftozine_ZINC000022462753,1,-5.8,4
Perastine_ZINC000001482139,1,-5.8,6
Polydatin_ZINC000003881960,1,-5.8,11
Camazepam_ZINC000000601288,1,-5.8,3
Erythromycin_ZINC000085534336,1,-5.8,12
Glidazamide_ZINC000000001509,1,-5.8,5
Guadecitabine_ZINC000257351738,1,-5.8,13
Troglitazone_ZINC000000968278,1,-5.8,6
Etoposide_ZINC000003978071,1,-5.8,8
Nalmexone_ZINC000004217034,1,-5.8,4
Lamifiban_ZINC000003782835,1,-5.8,11
Exisulind_ZINC000012341529,1,-5.8,4
Fluperamide_ZINC000004216287,1,-5.8,9
Calcipotriene_ZINC000038791645,1,-5.8,8
Tomeglovir_ZINC000003923823,1,-5.8,8
Rebamipide_ZINC000009330880,1,-5.8,5
Ximoprofen_ZINC000038615303,1,-5.8,4
Delamanid_ZINC000043100810,1,-5.8,9
Parapenzolate_ZINC000000001887,1,-5.8,6
Bedoradrine_ZINC000000584203,1,-5.8,12
Bevonium_ZINC000000607738,1,-5.8,7
Crizotinib_ZINC000035902488,1,-5.8,6
Phenindamine_ZINC000000968338,1,-5.8,1
Gliflumide_ZINC000001481851,1,-5.8,10
Broparestrol_ZINC000008214508,1,-5.8,4
Gliclazide_ZINC000000523925,1,-5.8,3
Picosulfuric-acid_ZINC000003873921,1,-5.8,7
Hydroxyestrone_diacetate_ZINC000139021488,1,-5.8,4
Isamfazone_ZINC000000607932,1,-5.8,6
Ximoprofen_ZINC000000000845,1,-5.8,4
Clodoxopone_ZINC000004215401,1,-5.8,5
Proscillaridin_ZINC000257488918,1,-5.8,7
Omidoline_ZINC000005318621,1,-5.8,6
Elobixibat_ZINC000003976764,1,-5.8,16
Gedocarnil_ZINC000000537780,1,-5.8,7
Dasatinib_ZINC000003986735,1,-5.8,8
Etoposide-phosphate_ZINC000072186775,1,-5.8,9
Clodanolene_ZINC000000001181,1,-5.8,3
Upidosin_ZINC000003796141,1,-5.8,8
Donepezil_ZINC000000897251,1,-5.8,6
Nitraquazone_ZINC000000001819,1,-5.8,3
Raxatrigine_ZINC000113543588,1,-5.8,5
Pazopanib_ZINC000011617039,1,-5.8,6
Cerc-301_ZINC000006716890,1,-5.8,6
Lintitript_ZINC000000537914,1,-5.8,5
Imidocarb_ZINC000000073661,1,-5.8,4
Difluanine_ZINC000019364169,1,-5.8,10
Sequifenadine_ZINC000005782839,1,-5.8,4
Phenothrin_ZINC000002013188,1,-5.8,7
Ceritinib_ZINC000096272772,1,-5.8,9
Sovaprevir_ZINC000085537149,1,-5.8,14
Liarozole_ZINC000005425356,1,-5.8,3
Scopinast_ZINC000003944646,1,-5.8,10
Glucametacin_ZINC000077293064,1,-5.8,10
Etoposide_ZINC000003830817,1,-5.8,8
Firategrast_ZINC000030691369,1,-5.8,11
Pilaralisib_ZINC000100472223,1,-5.8,9
Nafazatrom_ZINC000000001764,1,-5.8,4
Eribaxaban_ZINC000003816482,1,-5.8,5
Belarizine_ZINC000022463137,1,-5.8,6
Mepramidil_ZINC000004213776,1,-5.8,14
Bervastatin_ZINC000001547675,1,-5.8,11
Odalprofen_ZINC000013898181,1,-5.8,6
Senicapoc_ZINC000003816408,1,-5.8,4
Sitogluside_ZINC000253609312,1,-5.8,13
Clorotepine_ZINC000022032760,1,-5.8,1
Dihydroergocryptine_ZINC000003929793,1,-5.8,6
Regadenoson_ZINC000065748602,1,-5.8,8
Epsiprantel_ZINC000001842759,1,-5.8,1
Nebivolol_ZINC000005844792,1,-5.8,8
Famprofazone_ZINC000000643070,1,-5.8,7
Elagolix_ZINC000049888891,1,-5.8,13
Rabusertib_ZINC000070466463,1,-5.8,5
Hydroxyestrone_diacetate_ZINC000079199213,1,-5.7,4
Cyclocumarol_ZINC000001481765,1,-5.7,2
Triprolidine_ZINC000012503099,1,-5.7,4
Ulifloxacin_ZINC000004655141,1,-5.7,2
Lobeline_ZINC000000156831,1,-5.7,7
Lotrifen_ZINC000000001637,1,-5.7,1
Draquinolol_ZINC000034167971,1,-5.7,9
Sitogluside_ZINC000253609314,1,-5.7,13
Ifenprodil_ZINC000002559943,1,-5.7,7
Cyclizine_ZINC000019156872,1,-5.7,3
Bucladesine_ZINC000003861742,1,-5.7,8
Octriptyline_ZINC000002005382,1,-5.7,3
Talniflumate_ZINC000001844627,1,-5.7,6
Orbifloxacin_ZINC000003882891,1,-5.7,3
ipragliflozin_ZINC000038897728,1,-5.7,8
Lubeluzole_ZINC000000537944,1,-5.7,8
Bisoxatin_ZINC000002017901,1,-5.7,4
Bitopertin_ZINC000053294263,1,-5.7,7
Piperaquine_ZINC000026251015,1,-5.7,6
Clorindione_ZINC000100003913,1,-5.7,1
Relenopride_ZINC000118666544,1,-5.7,11
Flupimazine_ZINC000003598320,1,-5.7,9
Tibezonium_ZINC000111364754,1,-5.7,9
Spirendolol_ZINC000000000722,1,-5.7,7
Silmitasertib_ZINC000058638454,1,-5.7,3
Reserpine_ZINC000003978051,1,-5.7,10
Naftifine_ZINC000001530977,1,-5.7,5
Dronabinol_ZINC000002039624,1,-5.7,5
Picobenzide_ZINC000000001942,1,-5.7,3
Flubepride_ZINC000000607878,1,-5.7,8
Glicaramide_ZINC000004216401,1,-5.7,12
Elantrine_ZINC000001482052,1,-5.7,3
Sb-705498_ZINC000013985502,1,-5.7,4
Ipsalazide_ZINC000004216628,1,-5.7,8
Retinol_acetate_ZINC000087492913,1,-5.7,7
Zofenopril_ZINC000003775162,1,-5.7,8
Brindoxime_ZINC000072266863,1,-5.7,6
Glibornuride_ZINC000002012812,1,-5.7,6
Fepromide_ZINC000005639557,1,-5.7,10
Eniclobrate_ZINC000005316998,1,-5.7,9
Tonabersat_ZINC000003823813,1,-5.7,4
Ro-3201195_ZINC000013683106,1,-5.7,10
Bentipimine_ZINC000031392373,1,-5.7,8
Triclazate_ZINC000001692983,1,-5.7,7
Benafentrine_ZINC000003780828,1,-5.7,4
Fenflumizole_ZINC000000608375,1,-5.7,5
Pimobendan_ZINC000005071680,1,-5.7,3
Boxidine_ZINC000000001039,1,-5.7,6
Fominoben_ZINC000000607900,1,-5.7,6
Bromindione_ZINC000100003605,1,-5.7,1
Ansoxetine_ZINC000005957963,1,-5.7,7
Pirmenol_ZINC000003873867,1,-5.7,7
Etoposide-phosphate_ZINC000306146645,1,-5.7,9
Cyclocumarol_ZINC000002036735,1,-5.7,2
Eliprodil_ZINC000001851251,1,-5.7,6
Procromil_ZINC000000001986,1,-5.7,3
Pemedolac_ZINC000001851370,1,-5.7,5
Solifenacin_ZINC000003936683,1,-5.7,3
Pipecuronium_ZINC000003938681,1,-5.7,6
Sitogluside_ZINC000085532584,1,-5.7,13
Florifenine_ZINC000000537734,1,-5.7,8
Alvimopan_ZINC000026378311,1,-5.7,9
Tiopropamine_ZINC000004217577,1,-5.7,10
