ligand,residue,atom_pairs,min_dist_A
Pazopanib_Ref,Phe45,21,3.54
Pazopanib_Ref,Ala41,14,3.58
Pazopanib_Ref,Glu37,12,3.33
Pazopanib_Ref,Thr44,8,2.97
Pazopanib_Ref,Arg48,8,3.2
Pazopanib_Ref,Lys42,3,3.51
Candidate_1,Phe45,23,3.48
Candidate_1,Arg46,13,3.08
Candidate_1,Lys42,9,3.34
Candidate_1,Ala41,7,3.34
Candidate_1,Thr44,3,3.4
Candidate_1,Arg48,2,3.79
Candidate_1,Leu49,2,3.68
Candidate_2,Phe45,16,3.22
Candidate_2,Thr44,13,2.8
Candidate_2,Ala41,12,3.5
Candidate_2,Arg48,8,3.58
Candidate_2,Lys40,3,3.7
Candidate_2,Lys42,3,3.74
Candidate_3,Phe45,23,3.36
Candidate_3,Arg48,8,3.04
Candidate_3,Ala41,7,3.25
Candidate_3,Lys42,6,3.6
Candidate_3,Thr44,3,3.0
Candidate_4,Phe45,21,3.58
Candidate_4,Ala41,11,3.43
Candidate_4,Arg48,8,3.21
Candidate_4,Thr44,7,3.07
Candidate_4,Glu37,6,3.15
Candidate_4,Lys40,5,3.55
Candidate_4,Lys42,4,3.66
Candidate_5,Phe45,18,3.35
Candidate_5,Ala41,8,3.23
Candidate_5,Thr44,6,3.06
Candidate_5,Lys42,5,3.76
Candidate_5,Arg48,3,3.34
Candidate_5,Glu38,2,3.59
